-- MySQL dump 10.13  Distrib 8.0.19, for Win64 (x86_64)
--
-- Host: localhost    Database: cda
-- ------------------------------------------------------
-- Server version	5.5.5-10.4.32-MariaDB

/*!40101 SET @OLD_CHARACTER_SET_CLIENT=@@CHARACTER_SET_CLIENT */;
/*!40101 SET @OLD_CHARACTER_SET_RESULTS=@@CHARACTER_SET_RESULTS */;
/*!40101 SET @OLD_COLLATION_CONNECTION=@@COLLATION_CONNECTION */;
/*!50503 SET NAMES utf8mb4 */;
/*!40103 SET @OLD_TIME_ZONE=@@TIME_ZONE */;
/*!40103 SET TIME_ZONE='+00:00' */;
/*!40014 SET @OLD_UNIQUE_CHECKS=@@UNIQUE_CHECKS, UNIQUE_CHECKS=0 */;
/*!40014 SET @OLD_FOREIGN_KEY_CHECKS=@@FOREIGN_KEY_CHECKS, FOREIGN_KEY_CHECKS=0 */;
/*!40101 SET @OLD_SQL_MODE=@@SQL_MODE, SQL_MODE='NO_AUTO_VALUE_ON_ZERO' */;
/*!40111 SET @OLD_SQL_NOTES=@@SQL_NOTES, SQL_NOTES=0 */;

--
-- Table structure for table `apartamento`
--

DROP TABLE IF EXISTS `apartamento`;
/*!40101 SET @saved_cs_client     = @@character_set_client */;
/*!50503 SET character_set_client = utf8mb4 */;
CREATE TABLE `apartamento` (
  `Ap_id` int(10) NOT NULL,
  `To_id` int(10) NOT NULL,
  PRIMARY KEY (`Ap_id`),
  KEY `T_id` (`To_id`),
  CONSTRAINT `apartamento_ibfk_1` FOREIGN KEY (`To_id`) REFERENCES `torre` (`To_id`)
) ENGINE=InnoDB DEFAULT CHARSET=utf8mb4 COLLATE=utf8mb4_general_ci;
/*!40101 SET character_set_client = @saved_cs_client */;

--
-- Dumping data for table `apartamento`
--

LOCK TABLES `apartamento` WRITE;
/*!40000 ALTER TABLE `apartamento` DISABLE KEYS */;
INSERT INTO `apartamento` VALUES (100,1),(101,1),(102,1),(103,1),(104,1);
/*!40000 ALTER TABLE `apartamento` ENABLE KEYS */;
UNLOCK TABLES;

--
-- Table structure for table `paquete`
--

DROP TABLE IF EXISTS `paquete`;
/*!40101 SET @saved_cs_client     = @@character_set_client */;
/*!50503 SET character_set_client = utf8mb4 */;
CREATE TABLE `paquete` (
  `Pa_id` int(10) NOT NULL AUTO_INCREMENT,
  `Pa_estado` varchar(250) NOT NULL,
  `Pa_descripcion` varchar(250) NOT NULL,
  `Pa_Fecha` timestamp NOT NULL DEFAULT current_timestamp(),
  `Pa_Responsable` varchar(50) NOT NULL,
  `Pe_id` int(11) DEFAULT NULL,
  PRIMARY KEY (`Pa_id`),
  KEY `Pe_id` (`Pe_id`),
  CONSTRAINT `paquete_ibfk_1` FOREIGN KEY (`pe_id`) REFERENCES `persona` (`Pe_id`),
  CONSTRAINT `paquete_ibfk_2` FOREIGN KEY (`Pe_id`) REFERENCES `persona` (`Pe_id`)
) ENGINE=InnoDB AUTO_INCREMENT=4 DEFAULT CHARSET=utf8mb4 COLLATE=utf8mb4_general_ci;
/*!40101 SET character_set_client = @saved_cs_client */;

--
-- Dumping data for table `paquete`
--

LOCK TABLES `paquete` WRITE;
/*!40000 ALTER TABLE `paquete` DISABLE KEYS */;
INSERT INTO `paquete` VALUES (1,'activo','Pc gamer','2024-11-07 05:00:00','Stiven',NULL),(2,'activo','PC gamer','2024-11-07 05:00:00','Juan',NULL),(3,'activo','Portátil','2024-11-08 05:00:00','Juan',NULL);
/*!40000 ALTER TABLE `paquete` ENABLE KEYS */;
UNLOCK TABLES;

--
-- Table structure for table `persona`
--

DROP TABLE IF EXISTS `persona`;
/*!40101 SET @saved_cs_client     = @@character_set_client */;
/*!50503 SET character_set_client = utf8mb4 */;
CREATE TABLE `persona` (
  `Pe_id` int(20) NOT NULL,
  `Pe_nombre` varchar(50) NOT NULL,
  `Pe_apellidos` varchar(50) NOT NULL,
  `Pe_telefono` varchar(50) NOT NULL,
  `Ap_id` int(10) NOT NULL,
  `Us_id` int(11) DEFAULT NULL,
  PRIMARY KEY (`Pe_id`),
  KEY `D_id` (`Ap_id`),
  KEY `U_id` (`Us_id`),
  CONSTRAINT `persona_ibfk_2` FOREIGN KEY (`Ap_id`) REFERENCES `apartamento` (`Ap_id`),
  CONSTRAINT `persona_ibfk_3` FOREIGN KEY (`Us_id`) REFERENCES `usuario` (`Us_id`)
) ENGINE=InnoDB DEFAULT CHARSET=utf8mb4 COLLATE=utf8mb4_general_ci;
/*!40101 SET character_set_client = @saved_cs_client */;

--
-- Dumping data for table `persona`
--

LOCK TABLES `persona` WRITE;
/*!40000 ALTER TABLE `persona` DISABLE KEYS */;
INSERT INTO `persona` VALUES (123,'JD','RP','30000000',102,NULL),(12345,'David','Rua','30000000',101,NULL),(123456,'Andres','Pereira','300000',103,NULL),(1234567,'Luis','Padilla','30000000',104,NULL),(12345678,'Luis','Padilla','30000000',104,NULL),(1043870680,'Juan David','Rua Porta','30000000',100,NULL);
/*!40000 ALTER TABLE `persona` ENABLE KEYS */;
UNLOCK TABLES;

--
-- Table structure for table `registro`
--

DROP TABLE IF EXISTS `registro`;
/*!40101 SET @saved_cs_client     = @@character_set_client */;
/*!50503 SET character_set_client = utf8mb4 */;
CREATE TABLE `registro` (
  `Re_id` int(10) NOT NULL AUTO_INCREMENT,
  `Re_fecha_registro` timestamp NOT NULL DEFAULT current_timestamp(),
  `Re_fecha_salida` varchar(20) NOT NULL,
  PRIMARY KEY (`Re_id`)
) ENGINE=InnoDB DEFAULT CHARSET=utf8mb4 COLLATE=utf8mb4_general_ci;
/*!40101 SET character_set_client = @saved_cs_client */;

--
-- Dumping data for table `registro`
--

LOCK TABLES `registro` WRITE;
/*!40000 ALTER TABLE `registro` DISABLE KEYS */;
/*!40000 ALTER TABLE `registro` ENABLE KEYS */;
UNLOCK TABLES;

--
-- Table structure for table `rol`
--

DROP TABLE IF EXISTS `rol`;
/*!40101 SET @saved_cs_client     = @@character_set_client */;
/*!50503 SET character_set_client = utf8mb4 */;
CREATE TABLE `rol` (
  `Ro_id` int(10) NOT NULL AUTO_INCREMENT,
  `Ro_tipo` varchar(50) NOT NULL,
  PRIMARY KEY (`Ro_id`)
) ENGINE=InnoDB AUTO_INCREMENT=4 DEFAULT CHARSET=utf8mb4 COLLATE=utf8mb4_general_ci;
/*!40101 SET character_set_client = @saved_cs_client */;

--
-- Dumping data for table `rol`
--

LOCK TABLES `rol` WRITE;
/*!40000 ALTER TABLE `rol` DISABLE KEYS */;
INSERT INTO `rol` VALUES (1,'Administrador'),(2,'Guardia'),(3,'Residente');
/*!40000 ALTER TABLE `rol` ENABLE KEYS */;
UNLOCK TABLES;

--
-- Table structure for table `torre`
--

DROP TABLE IF EXISTS `torre`;
/*!40101 SET @saved_cs_client     = @@character_set_client */;
/*!50503 SET character_set_client = utf8mb4 */;
CREATE TABLE `torre` (
  `To_id` int(10) NOT NULL,
  `To_letra` varchar(10) NOT NULL,
  PRIMARY KEY (`To_id`)
) ENGINE=InnoDB DEFAULT CHARSET=utf8mb4 COLLATE=utf8mb4_general_ci;
/*!40101 SET character_set_client = @saved_cs_client */;

--
-- Dumping data for table `torre`
--

LOCK TABLES `torre` WRITE;
/*!40000 ALTER TABLE `torre` DISABLE KEYS */;
INSERT INTO `torre` VALUES (1,'A'),(2,'B'),(3,'C');
/*!40000 ALTER TABLE `torre` ENABLE KEYS */;
UNLOCK TABLES;

--
-- Table structure for table `usuario`
--

DROP TABLE IF EXISTS `usuario`;
/*!40101 SET @saved_cs_client     = @@character_set_client */;
/*!50503 SET character_set_client = utf8mb4 */;
CREATE TABLE `usuario` (
  `Us_id` int(10) NOT NULL,
  `Us_usuario` varchar(50) NOT NULL,
  `Us_contrasena` varchar(255) DEFAULT NULL,
  `Us_correo` varchar(100) NOT NULL,
  `Ro_id` int(10) NOT NULL,
  PRIMARY KEY (`Us_id`),
  KEY `C_id` (`Ro_id`),
  CONSTRAINT `usuario_ibfk_1` FOREIGN KEY (`Ro_id`) REFERENCES `rol` (`Ro_id`)
) ENGINE=InnoDB DEFAULT CHARSET=utf8mb4 COLLATE=utf8mb4_general_ci;
/*!40101 SET character_set_client = @saved_cs_client */;

--
-- Dumping data for table `usuario`
--

LOCK TABLES `usuario` WRITE;
/*!40000 ALTER TABLE `usuario` DISABLE KEYS */;
INSERT INTO `usuario` VALUES (123,'David','d12345','jrua1043@gmail.com',2),(12345678,'Luis','luis12345','andriano@gmail.com',2),(1043870680,'Juan David','Juan12345','jrua1043@gmail.com',1);
/*!40000 ALTER TABLE `usuario` ENABLE KEYS */;
UNLOCK TABLES;

--
-- Table structure for table `visitantes`
--

DROP TABLE IF EXISTS `visitantes`;
/*!40101 SET @saved_cs_client     = @@character_set_client */;
/*!50503 SET character_set_client = utf8mb4 */;
CREATE TABLE `visitantes` (
  `Vi_id` int(10) NOT NULL,
  `Vi_nombres` varchar(50) NOT NULL,
  `Vi_apellidos` varchar(50) NOT NULL,
  `Vi_telefono` varchar(50) NOT NULL,
  `Vi_departamento` varchar(50) NOT NULL,
  `Vi_motivo` varchar(250) NOT NULL,
  `Pe_id` int(10) NOT NULL,
  `Re_id` int(10) DEFAULT NULL,
  PRIMARY KEY (`Vi_id`),
  KEY `R_id` (`Re_id`),
  KEY `U_id` (`Pe_id`),
  CONSTRAINT `visitantes_ibfk_1` FOREIGN KEY (`Re_id`) REFERENCES `registro` (`Re_id`),
  CONSTRAINT `visitantes_ibfk_2` FOREIGN KEY (`Pe_id`) REFERENCES `persona` (`Pe_id`)
) ENGINE=InnoDB DEFAULT CHARSET=utf8mb4 COLLATE=utf8mb4_general_ci;
/*!40101 SET character_set_client = @saved_cs_client */;

--
-- Dumping data for table `visitantes`
--

LOCK TABLES `visitantes` WRITE;
/*!40000 ALTER TABLE `visitantes` DISABLE KEYS */;
INSERT INTO `visitantes` VALUES (12345,'Andres','Pereira','3000000','101','Ver a stiven',12345,NULL),(1234567,'Stiven','Catalan','30000000','104','Ver a luis',1234567,NULL),(1043870680,'Juan David','Rua Porta','30000000','100','Visitar a mi primo',1043870680,NULL);
/*!40000 ALTER TABLE `visitantes` ENABLE KEYS */;
UNLOCK TABLES;

--
-- Dumping routines for database 'cda'
--
/*!40103 SET TIME_ZONE=@OLD_TIME_ZONE */;

/*!40101 SET SQL_MODE=@OLD_SQL_MODE */;
/*!40014 SET FOREIGN_KEY_CHECKS=@OLD_FOREIGN_KEY_CHECKS */;
/*!40014 SET UNIQUE_CHECKS=@OLD_UNIQUE_CHECKS */;
/*!40101 SET CHARACTER_SET_CLIENT=@OLD_CHARACTER_SET_CLIENT */;
/*!40101 SET CHARACTER_SET_RESULTS=@OLD_CHARACTER_SET_RESULTS */;
/*!40101 SET COLLATION_CONNECTION=@OLD_COLLATION_CONNECTION */;
/*!40111 SET SQL_NOTES=@OLD_SQL_NOTES */;

-- Dump completed on 2024-11-09 22:09:55
